Product Name,Price,Image URL,Product URL
SPT CASE,N/A,"https://www.orbus.com/media/catalog/product/s/p/spt-case.png?quality=80&bg-color=255,255,255&fit=bounds&height=600&width=600&canvas=600:600&format=jpeg",https://www.orbus.com/spt-case
ORIENT 800 RETRACTABLE BANNER STAND,"Base Color
Choose a selection...
 Silver [ONT-800-S-4] +$83.74
 Black [ONT-800-B-4] +$89.41


Qty","https://www.orbus.com/media/catalog/product/o/r/orient-800-retractable-banner-stand_left-99.png?quality=80&bg-color=255,255,255&fit=bounds&height=600&width=600&canvas=600:600&format=jpeg",https://www.orbus.com/orient-800-retractable-banner-stand
ROUND PREMIUM DYE SUB TABLE THROW,N/A,"https://www.orbus.com/media/catalog/product/r/o/round-premium-dye-sub-table-throw_round.png?quality=80&bg-color=255,255,255&fit=bounds&height=600&width=600&canvas=600:600&format=jpeg",https://www.orbus.com/round-premium-dye-sub-table-throw
